product_id,product_name,category,cost
2001,Laptop,Electronics,600
2002,Smartphone,Electronics,400
2003,Headphones,Accessories,100
2004,Office Chair,Furniture,250
2005,Desk,Furniture,300
2006,Tablet,Electronics,500
2007,Printer,Electronics,350
2008,Wireless Keyboard,Peripherals,1008
2009,Portable Keyboard,Peripherals,1291
2010,Professional Keyboard,Office Supplies,101
2011,Premium Keyboard,Storage,727
2012,Smart Keyboard,Furniture,801
2013,Digital Keyboard,Accessories,305
2014,Compact Keyboard,Networking,52
2015,Advanced Keyboard,Electronics,1330
2016,Ergonomic Keyboard,Office Supplies,1414
2017,Business Keyboard,Accessories,637
2018,Classic Keyboard,Networking,543
2019,Ultra Keyboard,Networking,736
2020,Essential Keyboard,Accessories,1378
2021,Modern Keyboard,Office Supplies,825
2022,High Speed Keyboard,Electronics,1069
2023,Rechargeable Keyboard,Electronics,1116
2024,Bluetooth Keyboard,Storage,1316
2025,USB Keyboard,Networking,1152
2026,LED Keyboard,Office Supplies,1061
2027,Mechanical Keyboard,Peripherals,1261
2028,Wireless Mouse,Storage,671
2029,Portable Mouse,Electronics,500
2030,Professional Mouse,Electronics,1089
2031,Premium Mouse,Furniture,1441
2032,Smart Mouse,Storage,701
2033,Digital Mouse,Storage,1410
2034,Compact Mouse,Accessories,395
2035,Advanced Mouse,Electronics,1454
2036,Ergonomic Mouse,Electronics,1067
2037,Business Mouse,Peripherals,92
2038,Classic Mouse,Furniture,919
2039,Ultra Mouse,Furniture,965
2040,Essential Mouse,Office Supplies,197
2041,Modern Mouse,Office Supplies,900
2042,High Speed Mouse,Networking,292
2043,Rechargeable Mouse,Electronics,1334
2044,Bluetooth Mouse,Accessories,854
2045,USB Mouse,Networking,832
2046,LED Mouse,Networking,259
2047,Mechanical Mouse,Peripherals,1177
2048,Wireless Monitor,Peripherals,1094
2049,Portable Monitor,Accessories,76
2050,Professional Monitor,Office Supplies,574
2051,Premium Monitor,Storage,727
2052,Smart Monitor,Storage,1354
2053,Digital Monitor,Electronics,385
2054,Compact Monitor,Networking,1003
2055,Advanced Monitor,Peripherals,1177
2056,Ergonomic Monitor,Electronics,433
2057,Business Monitor,Accessories,347
2058,Classic Monitor,Electronics,532
2059,Ultra Monitor,Accessories,791
2060,Essential Monitor,Office Supplies,126
2061,Modern Monitor,Networking,1488
2062,High Speed Monitor,Office Supplies,447
2063,Rechargeable Monitor,Storage,531
2064,Bluetooth Monitor,Office Supplies,1087
2065,USB Monitor,Peripherals,864
2066,LED Monitor,Storage,501
2067,Mechanical Monitor,Office Supplies,449
2068,Wireless Webcam,Electronics,565
2069,Portable Webcam,Electronics,1496
2070,Professional Webcam,Office Supplies,116
2071,Premium Webcam,Accessories,872
2072,Smart Webcam,Storage,113
2073,Digital Webcam,Peripherals,1182
2074,Compact Webcam,Networking,639
2075,Advanced Webcam,Storage,595
2076,Ergonomic Webcam,Electronics,535
2077,Business Webcam,Accessories,1060
2078,Classic Webcam,Networking,1134
2079,Ultra Webcam,Furniture,273
2080,Essential Webcam,Accessories,476
2081,Modern Webcam,Office Supplies,55
2082,High Speed Webcam,Electronics,813
2083,Rechargeable Webcam,Peripherals,1348
2084,Bluetooth Webcam,Accessories,878
2085,USB Webcam,Electronics,743
2086,LED Webcam,Electronics,1305
2087,Mechanical Webcam,Accessories,1224
2088,Wireless Speaker,Furniture,157
2089,Portable Speaker,Electronics,813
2090,Professional Speaker,Electronics,895
2091,Premium Speaker,Office Supplies,437
2092,Smart Speaker,Peripherals,583
2093,Digital Speaker,Electronics,1032
2094,Compact Speaker,Storage,615
2095,Advanced Speaker,Accessories,88
2096,Ergonomic Speaker,Networking,1499
2097,Business Speaker,Electronics,36
2098,Classic Speaker,Office Supplies,1318
2099,Ultra Speaker,Furniture,380
2100,Essential Speaker,Accessories,197
2101,Modern Speaker,Furniture,153
2102,High Speed Speaker,Storage,923
2103,Rechargeable Speaker,Electronics,959
2104,Bluetooth Speaker,Networking,1191
2105,USB Speaker,Accessories,1145
2106,LED Speaker,Peripherals,167
2107,Mechanical Speaker,Storage,371
2108,Wireless Router,Furniture,444
2109,Portable Router,Storage,726
2110,Professional Router,Office Supplies,1287
2111,Premium Router,Peripherals,642
2112,Smart Router,Office Supplies,762
2113,Digital Router,Networking,1100
2114,Compact Router,Electronics,1426
2115,Advanced Router,Networking,1460
2116,Ergonomic Router,Electronics,747
2117,Business Router,Electronics,1254
2118,Classic Router,Office Supplies,1003
2119,Ultra Router,Furniture,393
2120,Essential Router,Peripherals,864
2121,Modern Router,Electronics,125
2122,High Speed Router,Electronics,1066
2123,Rechargeable Router,Networking,672
2124,Bluetooth Router,Networking,320
2125,USB Router,Accessories,1058
2126,LED Router,Office Supplies,331
2127,Mechanical Router,Electronics,366
2128,Wireless Hard Drive,Networking,1112
2129,Portable Hard Drive,Furniture,193
2130,Professional Hard Drive,Storage,1345
2131,Premium Hard Drive,Furniture,827
2132,Smart Hard Drive,Office Supplies,675
2133,Digital Hard Drive,Storage,512
2134,Compact Hard Drive,Electronics,1398
2135,Advanced Hard Drive,Networking,151
2136,Ergonomic Hard Drive,Office Supplies,1129
2137,Business Hard Drive,Networking,457
2138,Classic Hard Drive,Networking,733
2139,Ultra Hard Drive,Electronics,954
2140,Essential Hard Drive,Peripherals,949
2141,Modern Hard Drive,Networking,283
2142,High Speed Hard Drive,Networking,876
2143,Rechargeable Hard Drive,Storage,592
2144,Bluetooth Hard Drive,Office Supplies,846
2145,USB Hard Drive,Accessories,458
2146,LED Hard Drive,Peripherals,1045
2147,Mechanical Hard Drive,Networking,485
2148,Wireless SSD,Networking,1474
2149,Portable SSD,Accessories,938
2150,Professional SSD,Furniture,1282
2151,Premium SSD,Office Supplies,353
2152,Smart SSD,Electronics,490
2153,Digital SSD,Storage,848
2154,Compact SSD,Accessories,432
2155,Advanced SSD,Electronics,607
2156,Ergonomic SSD,Electronics,959
2157,Business SSD,Accessories,1429
2158,Classic SSD,Office Supplies,1189
2159,Ultra SSD,Storage,746
2160,Essential SSD,Peripherals,1117
2161,Modern SSD,Electronics,355
2162,High Speed SSD,Electronics,531
2163,Rechargeable SSD,Networking,878
2164,Bluetooth SSD,Accessories,414
2165,USB SSD,Electronics,329
2166,LED SSD,Storage,1348
2167,Mechanical SSD,Accessories,1360
2168,Wireless USB Hub,Accessories,214
2169,Portable USB Hub,Furniture,682
2170,Professional USB Hub,Electronics,657
2171,Premium USB Hub,Storage,61
2172,Smart USB Hub,Peripherals,600
2173,Digital USB Hub,Peripherals,851
2174,Compact USB Hub,Storage,1492
2175,Advanced USB Hub,Electronics,771
2176,Ergonomic USB Hub,Storage,1003
2177,Business USB Hub,Networking,989
2178,Classic USB Hub,Furniture,969
2179,Ultra USB Hub,Office Supplies,1493
2180,Essential USB Hub,Networking,1118
2181,Modern USB Hub,Electronics,145
2182,High Speed USB Hub,Furniture,783
2183,Rechargeable USB Hub,Storage,1296
2184,Bluetooth USB Hub,Office Supplies,251
2185,USB USB Hub,Accessories,602
2186,LED USB Hub,Storage,1488
2187,Mechanical USB Hub,Electronics,820
2188,Wireless Power Bank,Storage,896
2189,Portable Power Bank,Peripherals,483
2190,Professional Power Bank,Peripherals,81
2191,Premium Power Bank,Furniture,757
2192,Smart Power Bank,Networking,1136
2193,Digital Power Bank,Electronics,1315
2194,Compact Power Bank,Networking,340
2195,Advanced Power Bank,Office Supplies,515
2196,Ergonomic Power Bank,Accessories,707
2197,Business Power Bank,Storage,1307
2198,Classic Power Bank,Networking,587
2199,Ultra Power Bank,Networking,555
2200,Essential Power Bank,Peripherals,667
2201,Modern Power Bank,Furniture,871
2202,High Speed Power Bank,Storage,331
2203,Rechargeable Power Bank,Storage,985
2204,Bluetooth Power Bank,Furniture,590
2205,USB Power Bank,Furniture,406
2206,LED Power Bank,Office Supplies,1361
2207,Mechanical Power Bank,Storage,1282
2208,Wireless Docking Station,Electronics,164
2209,Portable Docking Station,Networking,546
2210,Professional Docking Station,Furniture,685
2211,Premium Docking Station,Peripherals,202
2212,Smart Docking Station,Storage,1165
2213,Digital Docking Station,Electronics,1111
2214,Compact Docking Station,Accessories,391
2215,Advanced Docking Station,Peripherals,909
2216,Ergonomic Docking Station,Peripherals,1449
2217,Business Docking Station,Peripherals,774
2218,Classic Docking Station,Networking,1147
2219,Ultra Docking Station,Peripherals,250
2220,Essential Docking Station,Storage,1007
2221,Modern Docking Station,Furniture,194
2222,High Speed Docking Station,Peripherals,976
2223,Rechargeable Docking Station,Electronics,822
2224,Bluetooth Docking Station,Storage,456
2225,USB Docking Station,Office Supplies,1089
2226,LED Docking Station,Accessories,613
2227,Mechanical Docking Station,Networking,573
2228,Wireless Projector,Furniture,585
2229,Portable Projector,Networking,1479
2230,Professional Projector,Peripherals,1449
2231,Premium Projector,Electronics,435
2232,Smart Projector,Accessories,280
2233,Digital Projector,Electronics,1166
2234,Compact Projector,Storage,1277
2235,Advanced Projector,Storage,1006
2236,Ergonomic Projector,Office Supplies,1237
2237,Business Projector,Networking,1489
2238,Classic Projector,Furniture,1388
2239,Ultra Projector,Storage,1227
2240,Essential Projector,Furniture,1135
2241,Modern Projector,Electronics,412
2242,High Speed Projector,Storage,350
2243,Rechargeable Projector,Accessories,899
2244,Bluetooth Projector,Electronics,168
2245,USB Projector,Storage,1180
2246,LED Projector,Furniture,800
2247,Mechanical Projector,Accessories,524
2248,Wireless Scanner,Peripherals,1330
2249,Portable Scanner,Peripherals,54
2250,Professional Scanner,Electronics,332
2251,Premium Scanner,Storage,1041
2252,Smart Scanner,Office Supplies,32
2253,Digital Scanner,Furniture,1469
2254,Compact Scanner,Networking,1432
2255,Advanced Scanner,Storage,1441
2256,Ergonomic Scanner,Office Supplies,990
2257,Business Scanner,Peripherals,1028
2258,Classic Scanner,Accessories,965
2259,Ultra Scanner,Networking,329
2260,Essential Scanner,Office Supplies,656
2261,Modern Scanner,Storage,69
2262,High Speed Scanner,Electronics,1164
2263,Rechargeable Scanner,Office Supplies,1478
2264,Bluetooth Scanner,Furniture,491
2265,USB Scanner,Accessories,1094
2266,LED Scanner,Networking,1087
2267,Mechanical Scanner,Peripherals,1030
2268,Wireless Microphone,Office Supplies,797
2269,Portable Microphone,Office Supplies,945
2270,Professional Microphone,Furniture,1027
2271,Premium Microphone,Furniture,969
2272,Smart Microphone,Networking,951
2273,Digital Microphone,Networking,482
2274,Compact Microphone,Furniture,384
2275,Advanced Microphone,Furniture,1335
2276,Ergonomic Microphone,Networking,501
2277,Business Microphone,Furniture,513
2278,Classic Microphone,Peripherals,1010
2279,Ultra Microphone,Peripherals,1389
2280,Essential Microphone,Office Supplies,206
2281,Modern Microphone,Networking,386
2282,High Speed Microphone,Peripherals,1279
2283,Rechargeable Microphone,Storage,1143
2284,Bluetooth Microphone,Peripherals,275
2285,USB Microphone,Peripherals,763
2286,LED Microphone,Accessories,1135
2287,Mechanical Microphone,Furniture,1495
2288,Wireless Gaming Mouse,Furniture,391
2289,Portable Gaming Mouse,Furniture,811
2290,Professional Gaming Mouse,Accessories,1361
2291,Premium Gaming Mouse,Accessories,968
2292,Smart Gaming Mouse,Accessories,104
2293,Digital Gaming Mouse,Storage,1093
2294,Compact Gaming Mouse,Peripherals,483
2295,Advanced Gaming Mouse,Furniture,347
2296,Ergonomic Gaming Mouse,Furniture,754
2297,Business Gaming Mouse,Storage,1142
2298,Classic Gaming Mouse,Storage,701
2299,Ultra Gaming Mouse,Furniture,481
2300,Essential Gaming Mouse,Electronics,218
2301,Modern Gaming Mouse,Furniture,943
2302,High Speed Gaming Mouse,Office Supplies,1103
2303,Rechargeable Gaming Mouse,Electronics,1300
2304,Bluetooth Gaming Mouse,Electronics,667
2305,USB Gaming Mouse,Peripherals,1180
2306,LED Gaming Mouse,Electronics,1125
2307,Mechanical Gaming Mouse,Networking,276
2308,Wireless Gaming Keyboard,Accessories,614
2309,Portable Gaming Keyboard,Electronics,794
2310,Professional Gaming Keyboard,Accessories,907
2311,Premium Gaming Keyboard,Storage,1274
2312,Smart Gaming Keyboard,Accessories,263
2313,Digital Gaming Keyboard,Electronics,253
2314,Compact Gaming Keyboard,Accessories,254
2315,Advanced Gaming Keyboard,Accessories,1259
2316,Ergonomic Gaming Keyboard,Furniture,1180
2317,Business Gaming Keyboard,Networking,1238
2318,Classic Gaming Keyboard,Peripherals,279
2319,Ultra Gaming Keyboard,Office Supplies,396
2320,Essential Gaming Keyboard,Networking,1039
2321,Modern Gaming Keyboard,Furniture,1026
2322,High Speed Gaming Keyboard,Networking,763
2323,Rechargeable Gaming Keyboard,Networking,867
2324,Bluetooth Gaming Keyboard,Storage,412
2325,USB Gaming Keyboard,Furniture,527
2326,LED Gaming Keyboard,Accessories,1498
2327,Mechanical Gaming Keyboard,Storage,677
2328,Wireless Monitor Stand,Electronics,172
2329,Portable Monitor Stand,Storage,724
2330,Professional Monitor Stand,Peripherals,1254
2331,Premium Monitor Stand,Electronics,346
2332,Smart Monitor Stand,Furniture,1080
2333,Digital Monitor Stand,Accessories,803
2334,Compact Monitor Stand,Electronics,1224
2335,Advanced Monitor Stand,Storage,1345
2336,Ergonomic Monitor Stand,Furniture,344
2337,Business Monitor Stand,Storage,769
2338,Classic Monitor Stand,Accessories,399
2339,Ultra Monitor Stand,Peripherals,780
2340,Essential Monitor Stand,Furniture,1095
2341,Modern Monitor Stand,Furniture,273
2342,High Speed Monitor Stand,Peripherals,1415
2343,Rechargeable Monitor Stand,Electronics,255
2344,Bluetooth Monitor Stand,Peripherals,957
2345,USB Monitor Stand,Accessories,157
2346,LED Monitor Stand,Electronics,901
2347,Mechanical Monitor Stand,Peripherals,1257
2348,Wireless Laptop Bag,Accessories,1062
2349,Portable Laptop Bag,Storage,274
2350,Professional Laptop Bag,Storage,768
2351,Premium Laptop Bag,Networking,1237
2352,Smart Laptop Bag,Office Supplies,965
2353,Digital Laptop Bag,Electronics,901
2354,Compact Laptop Bag,Furniture,513
2355,Advanced Laptop Bag,Networking,98
2356,Ergonomic Laptop Bag,Furniture,673
2357,Business Laptop Bag,Furniture,146
2358,Classic Laptop Bag,Networking,1013
2359,Ultra Laptop Bag,Storage,954
2360,Essential Laptop Bag,Storage,197
2361,Modern Laptop Bag,Storage,1281
2362,High Speed Laptop Bag,Office Supplies,198
2363,Rechargeable Laptop Bag,Electronics,777
2364,Bluetooth Laptop Bag,Accessories,1235
2365,USB Laptop Bag,Networking,1421
2366,LED Laptop Bag,Storage,447
2367,Mechanical Laptop Bag,Accessories,759
2368,Wireless Office Lamp,Furniture,316
2369,Portable Office Lamp,Peripherals,925
2370,Professional Office Lamp,Storage,1474
2371,Premium Office Lamp,Office Supplies,197
2372,Smart Office Lamp,Peripherals,63
2373,Digital Office Lamp,Networking,1266
2374,Compact Office Lamp,Networking,231
2375,Advanced Office Lamp,Networking,888
2376,Ergonomic Office Lamp,Peripherals,233
2377,Business Office Lamp,Office Supplies,926
2378,Classic Office Lamp,Office Supplies,439
2379,Ultra Office Lamp,Furniture,532
2380,Essential Office Lamp,Storage,1426
2381,Modern Office Lamp,Accessories,1120
2382,High Speed Office Lamp,Electronics,615
2383,Rechargeable Office Lamp,Storage,1322
2384,Bluetooth Office Lamp,Electronics,1031
2385,USB Office Lamp,Accessories,1237
2386,LED Office Lamp,Storage,176
2387,Mechanical Office Lamp,Furniture,594
2388,Wireless Desk Organizer,Accessories,213
2389,Portable Desk Organizer,Accessories,922
2390,Professional Desk Organizer,Furniture,1044
2391,Premium Desk Organizer,Storage,598
2392,Smart Desk Organizer,Office Supplies,1184
2393,Digital Desk Organizer,Office Supplies,486
2394,Compact Desk Organizer,Furniture,235
2395,Advanced Desk Organizer,Accessories,217
2396,Ergonomic Desk Organizer,Peripherals,417
2397,Business Desk Organizer,Networking,628
2398,Classic Desk Organizer,Peripherals,484
2399,Ultra Desk Organizer,Storage,969
2400,Essential Desk Organizer,Electronics,468
2401,Modern Desk Organizer,Networking,1123
2402,High Speed Desk Organizer,Furniture,722
2403,Rechargeable Desk Organizer,Peripherals,1040
2404,Bluetooth Desk Organizer,Accessories,563
2405,USB Desk Organizer,Storage,718
2406,LED Desk Organizer,Electronics,1399
2407,Mechanical Desk Organizer,Office Supplies,33
2408,Wireless Notebook,Electronics,125
2409,Portable Notebook,Furniture,701
2410,Professional Notebook,Networking,970
2411,Premium Notebook,Accessories,354
2412,Smart Notebook,Networking,572
2413,Digital Notebook,Furniture,623
2414,Compact Notebook,Networking,157
2415,Advanced Notebook,Peripherals,210
2416,Ergonomic Notebook,Networking,387
2417,Business Notebook,Networking,980
2418,Classic Notebook,Storage,1429
2419,Ultra Notebook,Storage,997
2420,Essential Notebook,Electronics,686
2421,Modern Notebook,Networking,1271
2422,High Speed Notebook,Accessories,858
2423,Rechargeable Notebook,Office Supplies,969
2424,Bluetooth Notebook,Storage,179
2425,USB Notebook,Storage,293
2426,LED Notebook,Accessories,224
2427,Mechanical Notebook,Networking,317
2428,Wireless Pen Set,Office Supplies,1416
2429,Portable Pen Set,Furniture,738
2430,Professional Pen Set,Peripherals,613
2431,Premium Pen Set,Furniture,659
2432,Smart Pen Set,Networking,1420
2433,Digital Pen Set,Office Supplies,1497
2434,Compact Pen Set,Accessories,867
2435,Advanced Pen Set,Accessories,1080
2436,Ergonomic Pen Set,Furniture,873
2437,Business Pen Set,Furniture,504
2438,Classic Pen Set,Storage,281
2439,Ultra Pen Set,Furniture,106
2440,Essential Pen Set,Accessories,727
2441,Modern Pen Set,Furniture,352
2442,High Speed Pen Set,Peripherals,371
2443,Rechargeable Pen Set,Electronics,591
2444,Bluetooth Pen Set,Accessories,273
2445,USB Pen Set,Electronics,1173
2446,LED Pen Set,Office Supplies,273
2447,Mechanical Pen Set,Office Supplies,357
2448,Wireless File Cabinet,Peripherals,677
2449,Portable File Cabinet,Networking,836
2450,Professional File Cabinet,Accessories,156
2451,Premium File Cabinet,Furniture,941
2452,Smart File Cabinet,Furniture,529
2453,Digital File Cabinet,Storage,318
2454,Compact File Cabinet,Electronics,131
2455,Advanced File Cabinet,Networking,322
2456,Ergonomic File Cabinet,Networking,1223
2457,Business File Cabinet,Electronics,346
2458,Classic File Cabinet,Office Supplies,904
2459,Ultra File Cabinet,Accessories,1233
2460,Essential File Cabinet,Electronics,1360
2461,Modern File Cabinet,Office Supplies,243
2462,High Speed File Cabinet,Networking,250
2463,Rechargeable File Cabinet,Accessories,360
2464,Bluetooth File Cabinet,Electronics,1496
2465,USB File Cabinet,Storage,472
2466,LED File Cabinet,Networking,848
2467,Mechanical File Cabinet,Electronics,1136
2468,Wireless Bookshelf,Electronics,1086
2469,Portable Bookshelf,Office Supplies,1012
2470,Professional Bookshelf,Electronics,1488
2471,Premium Bookshelf,Peripherals,1044
2472,Smart Bookshelf,Networking,304
2473,Digital Bookshelf,Accessories,452
2474,Compact Bookshelf,Office Supplies,282
2475,Advanced Bookshelf,Peripherals,166
2476,Ergonomic Bookshelf,Peripherals,1108
2477,Business Bookshelf,Networking,680
2478,Classic Bookshelf,Electronics,1122
2479,Ultra Bookshelf,Peripherals,358
2480,Essential Bookshelf,Furniture,757
2481,Modern Bookshelf,Furniture,1261
2482,High Speed Bookshelf,Electronics,118
2483,Rechargeable Bookshelf,Furniture,1048
2484,Bluetooth Bookshelf,Office Supplies,362
2485,USB Bookshelf,Peripherals,1167
2486,LED Bookshelf,Storage,1266
2487,Mechanical Bookshelf,Accessories,960
2488,Wireless Standing Desk,Storage,127
2489,Portable Standing Desk,Peripherals,1291
2490,Professional Standing Desk,Storage,428
2491,Premium Standing Desk,Peripherals,791
2492,Smart Standing Desk,Storage,342
2493,Digital Standing Desk,Accessories,1484
2494,Compact Standing Desk,Electronics,1123
2495,Advanced Standing Desk,Electronics,1283
2496,Ergonomic Standing Desk,Furniture,1449
2497,Business Standing Desk,Office Supplies,841
2498,Classic Standing Desk,Electronics,1468
2499,Ultra Standing Desk,Peripherals,510
2500,Essential Standing Desk,Electronics,1416
2501,Modern Standing Desk,Peripherals,796
2502,High Speed Standing Desk,Furniture,1013
2503,Rechargeable Standing Desk,Accessories,621
2504,Bluetooth Standing Desk,Networking,603
2505,USB Standing Desk,Furniture,1236
2506,LED Standing Desk,Office Supplies,387
2507,Mechanical Standing Desk,Accessories,756
2508,Wireless Conference Table,Office Supplies,222
2509,Portable Conference Table,Networking,857
2510,Professional Conference Table,Storage,1013
2511,Premium Conference Table,Furniture,305
2512,Smart Conference Table,Electronics,627
2513,Digital Conference Table,Peripherals,1029
2514,Compact Conference Table,Accessories,1035
2515,Advanced Conference Table,Peripherals,433
2516,Ergonomic Conference Table,Electronics,1421
2517,Business Conference Table,Peripherals,970
2518,Classic Conference Table,Storage,1106
2519,Ultra Conference Table,Electronics,518
2520,Essential Conference Table,Office Supplies,829
2521,Modern Conference Table,Furniture,628
2522,High Speed Conference Table,Peripherals,966
2523,Rechargeable Conference Table,Storage,1233
2524,Bluetooth Conference Table,Accessories,947
2525,USB Conference Table,Peripherals,793
2526,LED Conference Table,Electronics,424
2527,Mechanical Conference Table,Accessories,54
2528,Wireless Desk Lamp,Networking,667
2529,Portable Desk Lamp,Peripherals,858
2530,Professional Desk Lamp,Office Supplies,43
2531,Premium Desk Lamp,Electronics,940
2532,Smart Desk Lamp,Accessories,819
2533,Digital Desk Lamp,Peripherals,110
2534,Compact Desk Lamp,Accessories,227
2535,Advanced Desk Lamp,Peripherals,819
2536,Ergonomic Desk Lamp,Networking,736
2537,Business Desk Lamp,Peripherals,1249
2538,Classic Desk Lamp,Office Supplies,130
2539,Ultra Desk Lamp,Networking,480
2540,Essential Desk Lamp,Office Supplies,669
2541,Modern Desk Lamp,Accessories,508
2542,High Speed Desk Lamp,Networking,940
2543,Rechargeable Desk Lamp,Furniture,926
2544,Bluetooth Desk Lamp,Office Supplies,625
2545,USB Desk Lamp,Furniture,1472
2546,LED Desk Lamp,Office Supplies,246
2547,Mechanical Desk Lamp,Storage,280
2548,Wireless Printer Ink,Accessories,1140
2549,Portable Printer Ink,Accessories,67
2550,Professional Printer Ink,Furniture,728
2551,Premium Printer Ink,Networking,810
2552,Smart Printer Ink,Office Supplies,253
2553,Digital Printer Ink,Accessories,644
2554,Compact Printer Ink,Storage,1338
2555,Advanced Printer Ink,Furniture,924
2556,Ergonomic Printer Ink,Furniture,1384
2557,Business Printer Ink,Storage,235
2558,Classic Printer Ink,Storage,484
2559,Ultra Printer Ink,Office Supplies,68
2560,Essential Printer Ink,Storage,133
2561,Modern Printer Ink,Office Supplies,1325
2562,High Speed Printer Ink,Peripherals,801
2563,Rechargeable Printer Ink,Furniture,86
2564,Bluetooth Printer Ink,Storage,149
2565,USB Printer Ink,Networking,931
2566,LED Printer Ink,Office Supplies,388
2567,Mechanical Printer Ink,Peripherals,683
2568,Wireless Toner Cartridge,Electronics,555
2569,Portable Toner Cartridge,Accessories,1154
2570,Professional Toner Cartridge,Networking,477
2571,Premium Toner Cartridge,Office Supplies,545
2572,Smart Toner Cartridge,Networking,1442
2573,Digital Toner Cartridge,Furniture,312
2574,Compact Toner Cartridge,Accessories,428
2575,Advanced Toner Cartridge,Storage,1140
2576,Ergonomic Toner Cartridge,Electronics,1246
2577,Business Toner Cartridge,Accessories,1189
2578,Classic Toner Cartridge,Accessories,1474
2579,Ultra Toner Cartridge,Storage,376
2580,Essential Toner Cartridge,Peripherals,166
2581,Modern Toner Cartridge,Electronics,220
2582,High Speed Toner Cartridge,Office Supplies,570
2583,Rechargeable Toner Cartridge,Accessories,99
2584,Bluetooth Toner Cartridge,Office Supplies,1022
2585,USB Toner Cartridge,Office Supplies,1435
2586,LED Toner Cartridge,Accessories,318
2587,Mechanical Toner Cartridge,Office Supplies,643
2588,Wireless External Drive,Accessories,1278
2589,Portable External Drive,Furniture,559
2590,Professional External Drive,Furniture,277
2591,Premium External Drive,Furniture,257
2592,Smart External Drive,Peripherals,180
2593,Digital External Drive,Office Supplies,293
2594,Compact External Drive,Peripherals,426
2595,Advanced External Drive,Office Supplies,479
2596,Ergonomic External Drive,Peripherals,1489
2597,Business External Drive,Electronics,375
2598,Classic External Drive,Networking,855
2599,Ultra External Drive,Networking,381
2600,Essential External Drive,Peripherals,1364
2601,Modern External Drive,Storage,530
2602,High Speed External Drive,Electronics,1006
2603,Rechargeable External Drive,Networking,942
2604,Bluetooth External Drive,Accessories,142
2605,USB External Drive,Electronics,895
2606,LED External Drive,Office Supplies,1077
2607,Mechanical External Drive,Accessories,318
2608,Wireless Memory Card,Storage,167
2609,Portable Memory Card,Office Supplies,1403
2610,Professional Memory Card,Electronics,150
2611,Premium Memory Card,Storage,778
2612,Smart Memory Card,Furniture,777
2613,Digital Memory Card,Electronics,400
2614,Compact Memory Card,Office Supplies,402
2615,Advanced Memory Card,Accessories,1330
2616,Ergonomic Memory Card,Electronics,1173
2617,Business Memory Card,Accessories,894
2618,Classic Memory Card,Peripherals,595
2619,Ultra Memory Card,Accessories,848
2620,Essential Memory Card,Furniture,1414
2621,Modern Memory Card,Furniture,1161
2622,High Speed Memory Card,Furniture,847
2623,Rechargeable Memory Card,Furniture,252
2624,Bluetooth Memory Card,Office Supplies,583
2625,USB Memory Card,Office Supplies,365
2626,LED Memory Card,Storage,1441
2627,Mechanical Memory Card,Office Supplies,713
2628,Wireless WiFi Adapter,Electronics,975
2629,Portable WiFi Adapter,Peripherals,426
2630,Professional WiFi Adapter,Peripherals,631
2631,Premium WiFi Adapter,Accessories,245
2632,Smart WiFi Adapter,Furniture,377
2633,Digital WiFi Adapter,Office Supplies,278
2634,Compact WiFi Adapter,Peripherals,545
2635,Advanced WiFi Adapter,Office Supplies,1257
2636,Ergonomic WiFi Adapter,Furniture,540
2637,Business WiFi Adapter,Accessories,1481
2638,Classic WiFi Adapter,Office Supplies,750
2639,Ultra WiFi Adapter,Accessories,437
2640,Essential WiFi Adapter,Storage,1301
2641,Modern WiFi Adapter,Storage,828
2642,High Speed WiFi Adapter,Electronics,1450
2643,Rechargeable WiFi Adapter,Furniture,1058
2644,Bluetooth WiFi Adapter,Accessories,319
2645,USB WiFi Adapter,Office Supplies,361
2646,LED WiFi Adapter,Furniture,926
2647,Mechanical WiFi Adapter,Furniture,1356
2648,Wireless Network Switch,Peripherals,879
2649,Portable Network Switch,Office Supplies,714
2650,Professional Network Switch,Storage,898
2651,Premium Network Switch,Furniture,135
2652,Smart Network Switch,Furniture,207
2653,Digital Network Switch,Electronics,1323
2654,Compact Network Switch,Accessories,274
2655,Advanced Network Switch,Furniture,1051
2656,Ergonomic Network Switch,Peripherals,1431
2657,Business Network Switch,Peripherals,83
2658,Classic Network Switch,Furniture,474
2659,Ultra Network Switch,Peripherals,1160
2660,Essential Network Switch,Office Supplies,314
2661,Modern Network Switch,Networking,161
2662,High Speed Network Switch,Networking,1305
2663,Rechargeable Network Switch,Storage,114
2664,Bluetooth Network Switch,Accessories,1242
2665,USB Network Switch,Networking,897
2666,LED Network Switch,Furniture,595
2667,Mechanical Network Switch,Electronics,1330
2668,Wireless Smart Watch,Office Supplies,103
2669,Portable Smart Watch,Office Supplies,628
2670,Professional Smart Watch,Electronics,1360
2671,Premium Smart Watch,Furniture,1161
2672,Smart Smart Watch,Networking,526
2673,Digital Smart Watch,Furniture,160
2674,Compact Smart Watch,Networking,1178
2675,Advanced Smart Watch,Electronics,1494
2676,Ergonomic Smart Watch,Office Supplies,270
2677,Business Smart Watch,Electronics,414
2678,Classic Smart Watch,Office Supplies,1042
2679,Ultra Smart Watch,Office Supplies,469
2680,Essential Smart Watch,Office Supplies,715
2681,Modern Smart Watch,Accessories,1475
2682,High Speed Smart Watch,Electronics,1415
2683,Rechargeable Smart Watch,Accessories,293
2684,Bluetooth Smart Watch,Storage,861
2685,USB Smart Watch,Peripherals,321
2686,LED Smart Watch,Electronics,485
2687,Mechanical Smart Watch,Accessories,955
2688,Wireless Fitness Tracker,Peripherals,1020
2689,Portable Fitness Tracker,Storage,843
2690,Professional Fitness Tracker,Accessories,388
2691,Premium Fitness Tracker,Accessories,1050
2692,Smart Fitness Tracker,Networking,705
2693,Digital Fitness Tracker,Electronics,739
2694,Compact Fitness Tracker,Electronics,227
2695,Advanced Fitness Tracker,Accessories,1429
2696,Ergonomic Fitness Tracker,Office Supplies,1127
2697,Business Fitness Tracker,Networking,1358
2698,Classic Fitness Tracker,Furniture,323
2699,Ultra Fitness Tracker,Accessories,495
2700,Essential Fitness Tracker,Accessories,1074
2701,Modern Fitness Tracker,Peripherals,1206
2702,High Speed Fitness Tracker,Networking,907
2703,Rechargeable Fitness Tracker,Accessories,209
2704,Bluetooth Fitness Tracker,Electronics,1338
2705,USB Fitness Tracker,Accessories,1155
2706,LED Fitness Tracker,Office Supplies,1341
2707,Mechanical Fitness Tracker,Furniture,558
2708,Wireless Mobile Charger,Storage,505
2709,Portable Mobile Charger,Storage,1133
2710,Professional Mobile Charger,Electronics,594
2711,Premium Mobile Charger,Office Supplies,675
2712,Smart Mobile Charger,Storage,499
2713,Digital Mobile Charger,Networking,1243
2714,Compact Mobile Charger,Storage,174
2715,Advanced Mobile Charger,Accessories,573
2716,Ergonomic Mobile Charger,Electronics,237
2717,Business Mobile Charger,Furniture,1109
2718,Classic Mobile Charger,Accessories,519
2719,Ultra Mobile Charger,Accessories,1278
2720,Essential Mobile Charger,Peripherals,1420
2721,Modern Mobile Charger,Storage,1015
2722,High Speed Mobile Charger,Storage,276
2723,Rechargeable Mobile Charger,Electronics,1297
2724,Bluetooth Mobile Charger,Peripherals,350
2725,USB Mobile Charger,Storage,125
2726,LED Mobile Charger,Storage,253
2727,Mechanical Mobile Charger,Networking,374
2728,Wireless Phone Case,Office Supplies,1017
2729,Portable Phone Case,Accessories,1178
2730,Professional Phone Case,Office Supplies,1018
2731,Premium Phone Case,Furniture,1255
2732,Smart Phone Case,Electronics,779
2733,Digital Phone Case,Storage,1425
2734,Compact Phone Case,Peripherals,956
2735,Advanced Phone Case,Office Supplies,467
2736,Ergonomic Phone Case,Electronics,806
2737,Business Phone Case,Peripherals,937
2738,Classic Phone Case,Furniture,1188
2739,Ultra Phone Case,Networking,1410
2740,Essential Phone Case,Accessories,47
2741,Modern Phone Case,Office Supplies,485
2742,High Speed Phone Case,Office Supplies,875
2743,Rechargeable Phone Case,Office Supplies,1385
2744,Bluetooth Phone Case,Networking,1338
2745,USB Phone Case,Peripherals,818
2746,LED Phone Case,Furniture,314
2747,Mechanical Phone Case,Electronics,328
2748,Wireless Tablet Cover,Networking,1442
2749,Portable Tablet Cover,Office Supplies,874
2750,Professional Tablet Cover,Furniture,1292
2751,Premium Tablet Cover,Electronics,1006
2752,Smart Tablet Cover,Office Supplies,354
2753,Digital Tablet Cover,Networking,775
2754,Compact Tablet Cover,Electronics,1221
2755,Advanced Tablet Cover,Electronics,1228
2756,Ergonomic Tablet Cover,Electronics,871
2757,Business Tablet Cover,Peripherals,1455
2758,Classic Tablet Cover,Storage,1032
2759,Ultra Tablet Cover,Accessories,964
2760,Essential Tablet Cover,Electronics,141
2761,Modern Tablet Cover,Peripherals,735
2762,High Speed Tablet Cover,Peripherals,631
2763,Rechargeable Tablet Cover,Storage,1126
2764,Bluetooth Tablet Cover,Office Supplies,1321
2765,USB Tablet Cover,Storage,796
2766,LED Tablet Cover,Networking,796
2767,Mechanical Tablet Cover,Peripherals,634
2768,Wireless Earbuds,Furniture,466
2769,Portable Earbuds,Furniture,470
2770,Professional Earbuds,Electronics,1244
2771,Premium Earbuds,Networking,982
2772,Smart Earbuds,Peripherals,873
2773,Digital Earbuds,Accessories,145
2774,Compact Earbuds,Peripherals,580
2775,Advanced Earbuds,Electronics,364
2776,Ergonomic Earbuds,Networking,280
2777,Business Earbuds,Peripherals,1166
2778,Classic Earbuds,Accessories,1389
2779,Ultra Earbuds,Peripherals,456
2780,Essential Earbuds,Peripherals,1299
2781,Modern Earbuds,Accessories,396
2782,High Speed Earbuds,Office Supplies,1243
2783,Rechargeable Earbuds,Electronics,864
2784,Bluetooth Earbuds,Office Supplies,776
2785,USB Earbuds,Office Supplies,299
2786,LED Earbuds,Networking,1119
2787,Mechanical Earbuds,Furniture,1094
2788,Wireless Soundbar,Networking,76
2789,Portable Soundbar,Office Supplies,593
2790,Professional Soundbar,Furniture,334
2791,Premium Soundbar,Storage,227
2792,Smart Soundbar,Electronics,1152
2793,Digital Soundbar,Networking,188
2794,Compact Soundbar,Accessories,634
2795,Advanced Soundbar,Networking,286
2796,Ergonomic Soundbar,Electronics,1262
2797,Business Soundbar,Accessories,145
2798,Classic Soundbar,Storage,362
2799,Ultra Soundbar,Peripherals,1471
2800,Essential Soundbar,Furniture,433
2801,Modern Soundbar,Accessories,69
2802,High Speed Soundbar,Electronics,535
2803,Rechargeable Soundbar,Accessories,966
2804,Bluetooth Soundbar,Accessories,177
2805,USB Soundbar,Networking,823
2806,LED Soundbar,Electronics,840
2807,Mechanical Soundbar,Peripherals,1040
2808,Wireless TV,Storage,796
2809,Portable TV,Accessories,529
2810,Professional TV,Peripherals,60
2811,Premium TV,Storage,900
2812,Smart TV,Accessories,381
2813,Digital TV,Accessories,797
2814,Compact TV,Storage,951
2815,Advanced TV,Electronics,646
2816,Ergonomic TV,Accessories,875
2817,Business TV,Storage,505
2818,Classic TV,Accessories,931
2819,Ultra TV,Peripherals,653
2820,Essential TV,Networking,172
2821,Modern TV,Peripherals,791
2822,High Speed TV,Peripherals,1439
2823,Rechargeable TV,Accessories,1288
2824,Bluetooth TV,Furniture,1377
2825,USB TV,Networking,972
2826,LED TV,Networking,765
2827,Mechanical TV,Office Supplies,1240
2828,Wireless Digital Camera,Electronics,466
2829,Portable Digital Camera,Electronics,1442
2830,Professional Digital Camera,Furniture,1373
2831,Premium Digital Camera,Electronics,1322
2832,Smart Digital Camera,Networking,1033
2833,Digital Digital Camera,Electronics,718
2834,Compact Digital Camera,Electronics,1487
2835,Advanced Digital Camera,Peripherals,892
2836,Ergonomic Digital Camera,Peripherals,925
2837,Business Digital Camera,Storage,1046
2838,Classic Digital Camera,Peripherals,515
2839,Ultra Digital Camera,Electronics,31
2840,Essential Digital Camera,Storage,779
2841,Modern Digital Camera,Accessories,1409
2842,High Speed Digital Camera,Storage,1319
2843,Rechargeable Digital Camera,Furniture,285
2844,Bluetooth Digital Camera,Office Supplies,1012
2845,USB Digital Camera,Furniture,121
2846,LED Digital Camera,Accessories,828
2847,Mechanical Digital Camera,Furniture,549
2848,Wireless Security Camera,Office Supplies,1234
2849,Portable Security Camera,Accessories,107
2850,Professional Security Camera,Storage,775
2851,Premium Security Camera,Storage,52
2852,Smart Security Camera,Furniture,452
2853,Digital Security Camera,Accessories,28
2854,Compact Security Camera,Peripherals,37
2855,Advanced Security Camera,Accessories,1213
2856,Ergonomic Security Camera,Networking,1014
2857,Business Security Camera,Networking,857
2858,Classic Security Camera,Office Supplies,550
2859,Ultra Security Camera,Storage,519
2860,Essential Security Camera,Furniture,1028
2861,Modern Security Camera,Office Supplies,384
2862,High Speed Security Camera,Office Supplies,1394
2863,Rechargeable Security Camera,Office Supplies,332
2864,Bluetooth Security Camera,Peripherals,455
2865,USB Security Camera,Furniture,808
2866,LED Security Camera,Electronics,1365
2867,Mechanical Security Camera,Office Supplies,104
2868,Wireless Barcode Scanner,Accessories,1288
2869,Portable Barcode Scanner,Peripherals,1250
2870,Professional Barcode Scanner,Furniture,180
2871,Premium Barcode Scanner,Networking,1415
2872,Smart Barcode Scanner,Electronics,301
2873,Digital Barcode Scanner,Networking,286
2874,Compact Barcode Scanner,Storage,274
2875,Advanced Barcode Scanner,Accessories,1346
2876,Ergonomic Barcode Scanner,Furniture,281
2877,Business Barcode Scanner,Electronics,625
2878,Classic Barcode Scanner,Networking,926
2879,Ultra Barcode Scanner,Peripherals,1146
2880,Essential Barcode Scanner,Networking,458
2881,Modern Barcode Scanner,Peripherals,887
2882,High Speed Barcode Scanner,Storage,771
2883,Rechargeable Barcode Scanner,Office Supplies,783
2884,Bluetooth Barcode Scanner,Peripherals,1473
2885,USB Barcode Scanner,Electronics,274
2886,LED Barcode Scanner,Furniture,456
2887,Mechanical Barcode Scanner,Electronics,754
2888,Wireless POS Terminal,Office Supplies,1005
2889,Portable POS Terminal,Furniture,475
2890,Professional POS Terminal,Networking,1034
2891,Premium POS Terminal,Networking,1277
2892,Smart POS Terminal,Office Supplies,543
2893,Digital POS Terminal,Networking,1116
2894,Compact POS Terminal,Furniture,566
2895,Advanced POS Terminal,Networking,941
2896,Ergonomic POS Terminal,Office Supplies,1058
2897,Business POS Terminal,Electronics,1369
2898,Classic POS Terminal,Furniture,921
2899,Ultra POS Terminal,Accessories,1323
2900,Essential POS Terminal,Furniture,290
2901,Modern POS Terminal,Electronics,536
2902,High Speed POS Terminal,Electronics,1465
2903,Rechargeable POS Terminal,Accessories,512
2904,Bluetooth POS Terminal,Storage,863
2905,USB POS Terminal,Peripherals,885
2906,LED POS Terminal,Electronics,459
2907,Mechanical POS Terminal,Office Supplies,279
2908,Wireless Label Printer,Peripherals,313
2909,Portable Label Printer,Furniture,379
2910,Professional Label Printer,Networking,954
2911,Premium Label Printer,Furniture,328
2912,Smart Label Printer,Office Supplies,673
2913,Digital Label Printer,Peripherals,677
2914,Compact Label Printer,Networking,1454
2915,Advanced Label Printer,Electronics,1129
2916,Ergonomic Label Printer,Storage,211
2917,Business Label Printer,Storage,986
2918,Classic Label Printer,Storage,701
2919,Ultra Label Printer,Office Supplies,1283
2920,Essential Label Printer,Electronics,742
2921,Modern Label Printer,Peripherals,399
2922,High Speed Label Printer,Peripherals,226
2923,Rechargeable Label Printer,Office Supplies,69
2924,Bluetooth Label Printer,Office Supplies,1305
2925,USB Label Printer,Peripherals,931
2926,LED Label Printer,Furniture,631
2927,Mechanical Label Printer,Peripherals,481
2928,Wireless Paper Shredder,Electronics,1124
2929,Portable Paper Shredder,Networking,1015
2930,Professional Paper Shredder,Office Supplies,1384
2931,Premium Paper Shredder,Peripherals,554
2932,Smart Paper Shredder,Furniture,575
2933,Digital Paper Shredder,Electronics,1499
2934,Compact Paper Shredder,Networking,1394
2935,Advanced Paper Shredder,Peripherals,519
2936,Ergonomic Paper Shredder,Networking,1016
2937,Business Paper Shredder,Storage,1450
2938,Classic Paper Shredder,Office Supplies,711
2939,Ultra Paper Shredder,Networking,1105
2940,Essential Paper Shredder,Networking,307
2941,Modern Paper Shredder,Office Supplies,367
2942,High Speed Paper Shredder,Furniture,1417
2943,Rechargeable Paper Shredder,Accessories,777
2944,Bluetooth Paper Shredder,Networking,1305
2945,USB Paper Shredder,Furniture,131
2946,LED Paper Shredder,Accessories,58
2947,Mechanical Paper Shredder,Peripherals,196
2948,Wireless Calculator,Accessories,336
2949,Portable Calculator,Accessories,613
2950,Professional Calculator,Storage,766
2951,Premium Calculator,Electronics,1439
2952,Smart Calculator,Storage,452
2953,Digital Calculator,Storage,594
2954,Compact Calculator,Networking,322
2955,Advanced Calculator,Storage,132
2956,Ergonomic Calculator,Storage,880
2957,Business Calculator,Peripherals,39
2958,Classic Calculator,Accessories,882
2959,Ultra Calculator,Storage,1118
2960,Essential Calculator,Office Supplies,1002
2961,Modern Calculator,Networking,641
2962,High Speed Calculator,Accessories,901
2963,Rechargeable Calculator,Storage,907
2964,Bluetooth Calculator,Storage,820
2965,USB Calculator,Office Supplies,712
2966,LED Calculator,Furniture,185
2967,Mechanical Calculator,Peripherals,798
2968,Wireless Whiteboard,Furniture,1325
2969,Portable Whiteboard,Electronics,1228
2970,Professional Whiteboard,Peripherals,356
2971,Premium Whiteboard,Networking,1183
2972,Smart Whiteboard,Accessories,650
2973,Digital Whiteboard,Furniture,580
2974,Compact Whiteboard,Furniture,1421
2975,Advanced Whiteboard,Office Supplies,1190
2976,Ergonomic Whiteboard,Accessories,673
2977,Business Whiteboard,Peripherals,425
2978,Classic Whiteboard,Furniture,815
2979,Ultra Whiteboard,Office Supplies,737
2980,Essential Whiteboard,Peripherals,929
2981,Modern Whiteboard,Electronics,396
2982,High Speed Whiteboard,Networking,627
2983,Rechargeable Whiteboard,Accessories,365
2984,Bluetooth Whiteboard,Networking,1279
2985,USB Whiteboard,Accessories,591
2986,LED Whiteboard,Peripherals,1131
2987,Mechanical Whiteboard,Peripherals,1248
2988,Wireless Keyboard S18,Networking,925
2989,Portable Keyboard T18,Furniture,967
2990,Professional Keyboard U18,Office Supplies,1023
2991,Premium Keyboard V18,Office Supplies,156
2992,Smart Keyboard W18,Accessories,1428
2993,Digital Keyboard X18,Electronics,1077
2994,Compact Keyboard Y18,Storage,1018
2995,Advanced Keyboard Z18,Storage,1396
2996,Ergonomic Keyboard A19,Peripherals,445
2997,Business Keyboard B19,Storage,900
2998,Classic Keyboard C19,Accessories,1287
2999,Ultra Keyboard D19,Electronics,1008
3000,Essential Keyboard E19,Office Supplies,181
